gene,n,label,acc
AAK1,410.0,1.0,0.848780487804878
ABCB1,31.0,1.0,0.8709677419354839
ABI3,39.0,1.0,0.8717948717948718
ABI3BP,11.0,1.0,1.0
ACKR1,6.0,1.0,1.0
ACTA1,1.0,0.0,1.0
ACTA2,1.0,0.0,1.0
ACTB,21.0,0.0,0.6190476190476191
ACTG1,2.0,0.0,0.5
ADCK5,8.0,1.0,1.0
ADRA2A,6.0,0.0,0.8333333333333334
ADRB2,17.0,0.0,0.9411764705882353
AKT1,37.0,1.0,0.7837837837837838
ALDH2,14.0,0.0,1.0
ALDOA,9.0,0.0,0.4444444444444444
ALOX15B,9.0,1.0,0.7777777777777778
ANAPC5,283.0,0.0,0.5441696113074205
ANAPC7,8.0,0.0,0.875
APAF1,21.0,0.0,0.8571428571428571
ARPC1B,5.0,1.0,1.0
ATP1A1,6.0,0.0,0.8333333333333334
ATR,320.0,1.0,0.7875
ATRAID,9.0,1.0,1.0
AVPR1A,5.0,0.0,0.8
AXL,31.0,1.0,0.7741935483870968
B2M,14.0,0.0,0.7857142857142857
BAK1,46.0,0.0,0.3695652173913043
BCL2,198.0,1.0,0.9393939393939394
BCL2L2,1.0,1.0,0.0
BHLHE40,1.0,1.0,1.0
BLK,9.0,1.0,1.0
BRAF,18.0,1.0,0.9444444444444444
BTG1,16.0,1.0,0.9375
BUB3,71.0,0.0,0.8028169014084507
CARF,131.0,1.0,0.9770992366412213
CASP8,49.0,0.0,0.8775510204081632
CASP9,10.0,0.0,1.0
CCL1,24.0,1.0,0.9583333333333334
CCL2,37.0,1.0,0.972972972972973
CCL3,15.0,1.0,1.0
CCL4,12.0,1.0,1.0
CCL5,10.0,1.0,1.0
CCL7,3.0,1.0,1.0
CCN2,1.0,1.0,1.0
CCN6,2.0,1.0,1.0
CCND1,5.0,1.0,0.8
CCND2,7.0,0.0,0.42857142857142855
CCND3,9.0,0.0,0.8888888888888888
CD82,18.0,1.0,1.0
CDC6,224.0,1.0,0.90625
CDK18,6.0,1.0,1.0
CDKN1B,17.0,1.0,0.7647058823529411
CDKN1C,6.0,1.0,0.8333333333333334
CDKN2A,14.0,1.0,0.9285714285714286
CDKN2AIP,8.0,1.0,1.0
CDKN2B,5.0,1.0,0.8
CDKN3,22.0,0.0,0.8636363636363636
CFTR,40.0,0.0,0.8
CHEK2,10.0,1.0,0.9
CHRM2,1.0,0.0,1.0
CKB,1022.0,1.0,0.8679060665362035
CKS1B,2.0,0.0,1.0
CKS2,7.0,0.0,0.8571428571428571
CREG1,28.0,1.0,0.9642857142857143
CTSB,14.0,1.0,0.7857142857142857
CXCL10,6.0,1.0,1.0
CXCL12,9.0,1.0,1.0
CXCL16,4.0,1.0,0.75
CXCL2,1.0,1.0,1.0
CXCL3,2.0,1.0,1.0
CXCL5,1.0,1.0,1.0
CXCL8,33.0,1.0,1.0
CXCL9,2.0,1.0,1.0
CXCR2,4.0,1.0,0.75
CXCR4,3.0,0.0,0.3333333333333333
CYP2E1,6.0,0.0,0.5
DAO,545.0,1.0,0.9688073394495413
DES,71.0,0.0,0.8873239436619719
DRD2,10.0,0.0,0.9
E2F1,8.0,1.0,1.0
EEF1A1,2.0,0.0,0.5
EGF,8.0,1.0,1.0
EHF,102.0,1.0,0.5294117647058824
ERBB2,21.0,1.0,0.8571428571428571
EREG,627.0,1.0,0.6331738437001595
ERRFI1,7.0,1.0,0.7142857142857143
ERVW,1.0,1.0,1.0
ETS1,8.0,1.0,1.0
ETS2,5.0,1.0,1.0
EXO1,89.0,0.0,0.7415730337078652
EZR,2.0,0.0,1.0
FAS,235.0,0.0,0.8595744680851064
FASTK,5.0,1.0,1.0
FBXO31,15.0,1.0,0.8666666666666667
FBXO4,5.0,1.0,0.8
FEN1,428.0,0.0,0.45093457943925236
FGB,12.0,0.0,0.9166666666666666
FGF2,3.0,1.0,1.0
FGFR3,9.0,1.0,1.0
FLNA,25.0,0.0,0.92
FLNB,10.0,0.0,0.8
FOXO4,2.0,1.0,1.0
FTH1,123.0,0.0,0.3821138211382114
FTL,235.0,0.0,0.5957446808510638
FZD7,3.0,0.0,0.6666666666666666
G6PD,52.0,0.0,0.8461538461538461
GABBR1,15.0,0.0,0.8666666666666667
GADD45A,6.0,0.0,0.8333333333333334
GADD45B,1.0,0.0,0.0
GADD45G,6.0,1.0,0.6666666666666666
GAPDH,128.0,0.0,0.890625
GHRHR,9.0,0.0,0.8888888888888888
GKN1,7.0,1.0,0.7142857142857143
GNMT,12.0,1.0,0.75
GRIK2,39.0,1.0,0.8461538461538461
GRK4,4.0,1.0,1.0
GRK6,4.0,1.0,0.75
GRM3,13.0,0.0,0.7692307692307693
GSTM1,8.0,0.0,1.0
GUSB8,15.0,0.0,0.7333333333333333
HDAC1,11.0,1.0,0.7272727272727273
HEPACAM,20.0,1.0,0.95
HGF,11.0,1.0,0.9090909090909091
HIRA,134.0,1.0,0.9552238805970149
HK3,4.0,1.0,1.0
HMBS,14.0,0.0,0.6428571428571429
HMGA1,15.0,1.0,1.0
HMGA2,16.0,1.0,0.9375
HPRT1,9.0,0.0,0.7777777777777778
HRAS,36.0,1.0,0.9722222222222222
HSPA9,9.0,1.0,0.7777777777777778
HTRA1,79.0,1.0,1.0
IFI16,2.0,1.0,1.0
IFNG,9.0,1.0,1.0
IGFBP1,6.0,1.0,1.0
IGFBP2,3.0,1.0,1.0
IGFBP3,2.0,1.0,1.0
IGFBP4,5.0,1.0,1.0
IGFBP5,4.0,1.0,1.0
IGFBP6,4.0,1.0,1.0
IGFBP7,10.0,1.0,0.8
IL15,12.0,1.0,0.8333333333333334
IL1A,1.0,1.0,1.0
IL1B,13.0,1.0,0.9230769230769231
IL6,13.0,1.0,0.8461538461538461
IL7,4.0,1.0,1.0
ING1,15.0,1.0,1.0
ING5,10.0,1.0,1.0
INSR,10.0,0.0,0.3
IRF3,11.0,1.0,1.0
IRF5,4.0,1.0,1.0
IRF7,7.0,1.0,0.8571428571428571
ITGB3,6.0,1.0,1.0
ITPK1,10.0,1.0,0.9
ITPKB,12.0,1.0,0.9166666666666666
KLF46,13.0,1.0,0.6923076923076923
KNDC1,10.0,1.0,0.8
KRT1,8.0,0.0,1.0
KRT8,7.0,0.0,1.0
LEPR,194.0,0.0,0.8298969072164949
LIG1,76.0,0.0,0.7368421052631579
LIMK1,8.0,1.0,0.875
LIPG,9.0,0.0,0.8888888888888888
LY6D,3.0,1.0,1.0
LYZ,16.0,0.0,0.875
MAD2L1,23.0,0.0,0.8695652173913043
MAP1B,11.0,0.0,0.8181818181818182
MAP2,61.0,0.0,0.9180327868852459
MAP2K2,3.0,1.0,0.6666666666666666
MAP2K6,9.0,1.0,1.0
MAP2K7,5.0,1.0,1.0
MAP3K6,8.0,1.0,1.0
MAP3K7,40.0,1.0,0.9
MAPK12,3.0,1.0,1.0
MAPT,41.0,0.0,0.9024390243902439
MAST1,8.0,1.0,0.875
MC1R,9.0,0.0,0.7777777777777778
MCRS1,11.0,1.0,0.9090909090909091
MDP1,14.0,1.0,0.7857142857142857
MEOX16,3.0,1.0,1.0
MMP1,22.0,1.0,0.7727272727272727
MMP10,223.0,1.0,0.7757847533632287
MMP12,22.0,1.0,0.6818181818181818
MMP13,6.0,1.0,1.0
MMP14,14.0,1.0,0.9285714285714286
MMP2,7.0,1.0,1.0
MMP3,12.0,1.0,0.9166666666666666
MMP9,10.0,1.0,1.0
MNX1,11.0,1.0,0.9090909090909091
MOB3A,2.0,1.0,1.0
MORC3,11.0,1.0,1.0
MOS,169.0,1.0,0.727810650887574
MSN,2.0,0.0,0.5
MT1E,3.0,0.0,1.0
MT2A,1.0,0.0,0.0
MVK,134.0,1.0,0.9925373134328358
MYH10,10.0,0.0,0.7
MYH9,8.0,0.0,0.25
NEFH,26.0,0.0,0.7692307692307693
NEFL,4.0,0.0,1.0
NEFM,16.0,0.0,0.75
NINJ1,9.0,1.0,0.8888888888888888
NOTCH1,58.0,1.0,1.0
NOX1,33.0,1.0,0.9696969696969697
NQO1,70.0,0.0,0.8714285714285714
ORAI1,18.0,1.0,0.9444444444444444
OTX2,18.0,1.0,0.9444444444444444
OXTR,4.0,0.0,1.0
PAK4,6.0,1.0,0.8333333333333334
PDGFB,12.0,1.0,1.0
PDIK1L,13.0,1.0,0.9230769230769231
PDPK1,10.0,1.0,1.0
PDZD2,11.0,1.0,0.8181818181818182
PEX19,40.0,1.0,1.0
PFN1,11.0,0.0,0.7272727272727273
PGK1,25.0,0.0,0.8
PGR,17.0,1.0,0.9411764705882353
PIGF,16.0,1.0,0.9375
PIK3R5,6.0,1.0,0.8333333333333334
PLA2G2A,5.0,1.0,1.0
PLAT,803.0,1.0,0.9315068493150684
PLAU,44.0,1.0,0.7272727272727273
PML,37.0,1.0,0.918918918918919
PMVK,13.0,1.0,0.8461538461538461
PNPT1,6.0,1.0,0.8333333333333334
POLR2A,16.0,0.0,0.5
PON1,7.0,0.0,0.8571428571428571
POU5F1,5.0,1.0,0.8
PPIA,102.0,0.0,0.9705882352941176
PRODH,19.0,1.0,0.9473684210526315
PROX1,39.0,1.0,0.9743589743589743
PTGS2,3.0,1.0,1.0
PTH1R,7.0,0.0,0.7142857142857143
PTTG1,17.0,1.0,0.9411764705882353
PUM1,6.0,0.0,0.8333333333333334
PUM2,11.0,0.0,0.9090909090909091
RAD17,115.0,0.0,0.9478260869565217
RAD9A,61.0,0.0,0.9508196721311475
RAF1,11.0,1.0,0.6363636363636364
RARB,12.0,1.0,0.9166666666666666
RASSF1,6.0,1.0,1.0
RBM38,12.0,1.0,0.9166666666666666
RDX,98.0,0.0,0.8979591836734694
RFC1,48.0,0.0,0.9166666666666666
RFC4,13.0,0.0,0.6153846153846154
RPL10,64.0,0.0,0.734375
RPL12,237.0,0.0,0.7215189873417721
RPL13A,9.0,0.0,0.8888888888888888
RPL14,115.0,0.0,0.7565217391304347
RPL15,84.0,0.0,0.8452380952380952
RPL17,35.0,0.0,0.7142857142857143
RPL18,81.0,0.0,0.9135802469135802
RPL19,27.0,0.0,0.8518518518518519
RPL20,129.0,0.0,0.7364341085271318
RPL21,451.0,0.0,0.3968957871396896
RPL23,75.0,0.0,0.8666666666666667
RPL24,77.0,0.0,0.961038961038961
RPL26,79.0,0.0,0.5316455696202531
RPL27,48.0,0.0,0.5
RPL28,91.0,0.0,0.5274725274725275
RPL29,74.0,0.0,0.9054054054054054
RPL3,34.0,0.0,0.8823529411764706
RPL30,51.0,0.0,0.803921568627451
RPL31,40.0,0.0,0.775
RPL32,146.0,0.0,0.815068493150685
RPL34,23.0,0.0,0.9130434782608695
RPL35,32.0,0.0,0.75
RPL4,61.0,0.0,0.9672131147540983
RPL6,89.0,0.0,0.9550561797752809
RPL7,15.0,0.0,1.0
RPL8,5.0,0.0,0.6
RPS10,70.0,0.0,0.8571428571428571
RPS14,66.0,1.0,0.9545454545454546
RPS18,48.0,0.0,0.9791666666666666
RPS2,152.0,0.0,0.9276315789473685
RPS5,64.0,0.0,0.890625
RPS6,57.0,0.0,0.8771929824561403
RPS8,96.0,0.0,0.875
RTN4,10.0,1.0,0.9
RUNX1,16.0,1.0,0.6875
RXFP1,19.0,0.0,0.5789473684210527
SALL1,14.0,1.0,1.0
SDHA,111.0,0.0,0.9279279279279279
SELENBP1,10.0,1.0,0.8
SERPINB2,6.0,1.0,0.8333333333333334
SERPINE1,13.0,1.0,0.7692307692307693
SFN,2.0,1.0,0.5
SIK1,21.0,1.0,0.9523809523809523
SLC13A3,3.0,1.0,1.0
SLC2A1,9.0,0.0,0.7777777777777778
SMARCB1,10.0,1.0,1.0
SMURF2,6.0,1.0,1.0
SOD2,11.0,1.0,1.0
SORBS2,53.0,1.0,1.0
SOX1,7.0,1.0,0.5714285714285714
SOX2,5.0,1.0,1.0
SOX5,10.0,1.0,1.0
SPARC,90.0,1.0,0.9222222222222223
SPI1,29.0,1.0,0.896551724137931
SPIN1,5.0,1.0,0.8
SRSF1,6.0,1.0,0.6666666666666666
SSTR2,10.0,0.0,0.8
SSX2,3.0,1.0,1.0
STAT3,10.0,1.0,0.8
STK32C,3.0,1.0,1.0
STK4,9.0,1.0,0.8888888888888888
STK40,4.0,1.0,0.75
SUMO2,6.0,1.0,1.0
SUMO3,6.0,1.0,1.0
SYK,737.0,1.0,0.9416553595658074
TAS1R2,8.0,0.0,0.875
TBP,240.0,0.0,0.7916666666666666
TGFBI,21.0,1.0,0.9523809523809523
TIMP2,7.0,1.0,1.0
TLR3,12.0,1.0,0.9166666666666666
TNFRSF10B,6.0,0.0,1.0
TOM1,367.0,1.0,0.9536784741144414
TP53,76.0,1.0,0.8947368421052632
TPMT,57.0,0.0,0.9298245614035088
TPS1,27.0,0.0,0.8888888888888888
TUBA1A,3.0,0.0,1.0
TUBA1B,3.0,0.0,1.0
TUBB,7.0,0.0,0.8571428571428571
TUBB3,4.0,0.0,1.0
TUBB6,3.0,0.0,1.0
TUBG1,4.0,0.0,0.75
TYK2,11.0,1.0,0.9090909090909091
UBB,7.0,0.0,0.8571428571428571
UBTD1,4.0,1.0,0.75
ULK3,26.0,1.0,1.0
VEGFA,8.0,1.0,1.0
WIF1,5.0,1.0,1.0
XPO1,74.0,1.0,0.9864864864864865
YWHAZ,3.0,0.0,0.6666666666666666
ZCCHC10,7.0,1.0,1.0
ZFP36,30.0,1.0,0.9666666666666667
